tenantID,SLA_penalty
1,6.579999999999948
2,6.379999999999952
4,1.2400000000000007
5,1.8300000000000014
6,1.8780000000000014
7,1.8420000000000014
8,1.8600000000000014
12,0.3360000000000002
13,0.2950000000000002
15,0.05200000000000004
17,0.2950000000000002
18,0.2920000000000002
19,0.2870000000000002
20,0.2950000000000002
21,0.2870000000000002
22,0.2920000000000002
