tenantID,SLA_penalty
1,6.079999999999958
2,5.879999999999963
4,1.1200000000000006
5,1.428000000000001
6,1.458000000000001
7,1.374000000000001
8,1.458000000000001
12,0.10200000000000002
13,0.23600000000000018
15,0.02900000000000002
17,0.23400000000000018
18,0.23200000000000018
19,0.22500000000000017
20,0.23400000000000018
21,0.22700000000000017
22,0.23000000000000018
