tenantID,SLA_penalty
1,0.0
2,0.0
5,0.05399999999999999
6,0.012
7,0.012
8,0.03
13,0.09600000000000007
14,0.10200000000000008
15,0.10100000000000008
16,0.09700000000000007
17,0.09800000000000007
18,0.09800000000000007
19,0.10100000000000008
20,0.10200000000000008
