tenantID,SLA_penalty
1,0.12000000000000001
2,0.06
5,0.6060000000000004
6,0.5820000000000004
7,0.5820000000000004
8,0.5880000000000004
13,0.10600000000000008
14,0.10800000000000008
15,0.10800000000000008
16,0.10800000000000008
17,0.10700000000000008
18,0.10600000000000008
19,0.10800000000000008
20,0.10800000000000008
