tenantID,SLA_penalty
1,2.1600000000000015
2,2.1800000000000015
5,0.49800000000000033
6,0.5040000000000003
7,0.41400000000000026
8,0.5340000000000004
13,0.011000000000000003
14,0.012000000000000004
15,0.007
16,0.010000000000000002
17,0.009000000000000001
18,0.009000000000000001
19,0.008
20,0.013000000000000005
