tenantID,SLA_penalty
1,2.1600000000000015
2,2.1800000000000015
5,0.6480000000000005
6,0.6480000000000005
7,0.6240000000000004
8,0.6360000000000005
13,0.026000000000000016
14,0.03300000000000002
15,0.02900000000000002
16,0.03000000000000002
17,0.023000000000000013
18,0.017000000000000008
19,0.02900000000000002
20,0.03000000000000002
