tenantID,SLA_penalty
1,0.0
2,0.0
5,0.06599999999999999
6,0.06599999999999999
7,0.05399999999999999
8,0.084
13,0.10500000000000008
14,0.10500000000000008
15,0.10400000000000008
16,0.10700000000000008
17,0.10600000000000008
18,0.10600000000000008
19,0.10700000000000008
20,0.10500000000000008
