tenantID,SLA_penalty
1,0.0
2,0.0
5,0.3720000000000002
6,0.3720000000000002
7,0.3420000000000002
8,0.3660000000000002
13,0.10700000000000008
14,0.10700000000000008
15,0.10800000000000008
16,0.10700000000000008
17,0.10600000000000008
18,0.10700000000000008
19,0.10600000000000008
20,0.10800000000000008
