tenantID,SLA_penalty
1,1.8600000000000012
2,1.9600000000000013
5,0.018000000000000002
6,0.024
7,0.018000000000000002
8,0.041999999999999996
13,0.003
14,0.006
15,0.001
16,0.003
17,0.006
18,0.006
19,0.006
20,0.005
