tenantID,SLA_penalty
1,0.0
2,0.0
5,0.0
6,0.0
7,0.0
8,0.0
13,0.05400000000000004
14,0.058000000000000045
15,0.05400000000000004
16,0.048000000000000036
17,0.06200000000000005
18,0.06700000000000005
19,0.06600000000000004
20,0.059000000000000045
