tenantID,SLA_penalty
1,0.34
2,0.4000000000000001
5,0.018000000000000002
6,0.0
7,0.006
8,0.0
13,0.001
14,0.001
15,0.003
16,0.002
17,0.002
18,0.002
19,0.002
20,0.001
