tenantID,SLA_penalty
1,0.0
2,0.0
5,0.006
6,0.0
7,0.0
8,0.0
13,0.08600000000000006
14,0.09000000000000007
15,0.08300000000000006
16,0.09000000000000007
17,0.09500000000000007
18,0.08800000000000006
19,0.09200000000000007
20,0.09100000000000007
