tenantID,SLA_penalty
1,6.639999999999946
2,6.639999999999946
4,1.2400000000000007
5,1.9920000000000015
6,1.9920000000000015
7,1.9920000000000015
8,1.9920000000000015
12,0.3720000000000002
13,0.2900000000000002
15,0.013000000000000005
17,0.2890000000000002
18,0.2900000000000002
19,0.2890000000000002
20,0.2930000000000002
21,0.2790000000000002
22,0.2920000000000002
