tenantID,SLA_penalty
1,0.0
2,0.0
5,0.012
6,0.0
7,0.006
8,0.0
13,0.09900000000000007
14,0.10000000000000007
15,0.09400000000000007
16,0.09400000000000007
17,0.09700000000000007
18,0.09400000000000007
19,0.10000000000000007
20,0.09000000000000007
