tenantID,SLA_penalty
1,0.0
2,0.0
5,0.0
6,0.0
7,0.0
8,0.0
13,0.005
14,0.008
15,0.010000000000000002
16,0.006
17,0.011000000000000003
18,0.007
19,0.009000000000000001
20,0.007
