tenantID,SLA_penalty
1,0.0
2,0.0
5,0.0
6,0.0
7,0.0
8,0.0
13,0.01800000000000001
14,0.026000000000000016
15,0.022000000000000013
16,0.023000000000000013
17,0.03100000000000002
18,0.026000000000000016
19,0.027000000000000017
20,0.025000000000000015
