tenantID,SLA_penalty
1,1.620000000000001
2,1.580000000000001
5,0.4620000000000003
6,0.4800000000000003
7,0.4680000000000003
8,0.5340000000000004
13,0.07500000000000005
14,0.08700000000000006
15,0.07300000000000005
16,0.07600000000000005
17,0.07500000000000005
18,0.07500000000000005
19,0.07300000000000005
20,0.07700000000000005
