tenantID,SLA_penalty
1,1.9000000000000012
2,1.9200000000000013
5,0.6120000000000004
6,0.5940000000000004
7,0.5760000000000004
8,0.6300000000000004
13,0.09900000000000007
14,0.10300000000000008
15,0.10100000000000008
16,0.10300000000000008
17,0.10300000000000008
18,0.10000000000000007
19,0.09900000000000007
20,0.10700000000000008
