tenantID,SLA_penalty
1,0.0
2,0.0
5,0.0
6,0.0
7,0.0
8,0.0
13,0.012000000000000004
14,0.022000000000000013
15,0.017000000000000008
16,0.016000000000000007
17,0.025000000000000015
18,0.023000000000000013
19,0.02100000000000001
20,0.01900000000000001
