tenantID,SLA_penalty
1,0.06
2,0.0
5,0.018000000000000002
6,0.03
7,0.03
8,0.03
13,0.03900000000000003
14,0.03900000000000003
15,0.04100000000000003
16,0.037000000000000026
17,0.03800000000000003
18,0.037000000000000026
19,0.04100000000000003
20,0.037000000000000026
