tenantID,SLA_penalty
1,0.0
2,0.02
5,0.018000000000000002
6,0.018000000000000002
7,0.0
8,0.018000000000000002
13,0.048000000000000036
14,0.05200000000000004
15,0.05000000000000004
16,0.04300000000000003
17,0.05400000000000004
18,0.05400000000000004
19,0.05600000000000004
20,0.046000000000000034
