tenantID,SLA_penalty
1,0.0
2,0.0
5,0.0
6,0.0
7,0.0
8,0.0
13,0.006
14,0.008
15,0.009000000000000001
16,0.008
17,0.009000000000000001
18,0.008
19,0.011000000000000003
20,0.008
