tenantID,SLA_penalty
1,0.0
2,0.0
5,0.006
6,0.018000000000000002
7,0.006
8,0.0
13,0.03200000000000002
14,0.028000000000000018
15,0.023000000000000013
16,0.027000000000000017
17,0.03200000000000002
18,0.02900000000000002
19,0.027000000000000017
20,0.022000000000000013
