tenantID,SLA_penalty
1,0.0
2,0.0
5,0.024
6,0.024
7,0.006
8,0.006
13,0.05500000000000004
14,0.05100000000000004
15,0.057000000000000044
16,0.03900000000000003
17,0.05100000000000004
18,0.05600000000000004
19,0.05300000000000004
20,0.04300000000000003
