tenantID,SLA_penalty
1,0.0
2,0.0
5,0.012
6,0.03
7,0.006
8,0.012
13,0.047000000000000035
14,0.05200000000000004
15,0.046000000000000034
16,0.036000000000000025
17,0.05400000000000004
18,0.048000000000000036
19,0.046000000000000034
20,0.04900000000000004
