tenantID,SLA_penalty
1,0.0
2,0.0
5,0.0
6,0.006
7,0.006
8,0.006
13,0.02100000000000001
14,0.026000000000000016
15,0.03300000000000002
16,0.036000000000000025
17,0.03200000000000002
18,0.025000000000000015
19,0.03300000000000002
20,0.035000000000000024
