tenantID,SLA_penalty
1,0.12000000000000001
2,0.08
5,0.12000000000000004
6,0.06599999999999999
7,0.047999999999999994
8,0.13200000000000003
13,0.08000000000000006
14,0.08100000000000006
15,0.08200000000000006
16,0.07300000000000005
17,0.07300000000000005
18,0.07600000000000005
19,0.07000000000000005
20,0.08200000000000006
