tenantID,SLA_penalty
1,1.2600000000000007
2,1.0200000000000005
4,0.0
5,0.17400000000000007
6,0.18000000000000008
7,0.18600000000000008
8,0.1980000000000001
12,0.0
13,0.05500000000000004
15,0.0
17,0.05600000000000004
18,0.058000000000000045
19,0.06400000000000004
20,0.06800000000000005
21,0.057000000000000044
22,0.05000000000000004
