tenantID,SLA_penalty
1,0.06
2,0.0
5,0.012
6,0.05399999999999999
7,0.006
8,0.024
13,0.037000000000000026
14,0.03000000000000002
15,0.03300000000000002
16,0.03400000000000002
17,0.03100000000000002
18,0.04000000000000003
19,0.03900000000000003
20,0.03100000000000002
