tenantID,SLA_penalty
1,1.700000000000001
2,1.600000000000001
5,0.4860000000000003
6,0.5160000000000003
7,0.4740000000000003
8,0.4920000000000003
13,0.08300000000000006
14,0.08400000000000006
15,0.08200000000000006
16,0.07700000000000005
17,0.07400000000000005
18,0.07800000000000006
19,0.07300000000000005
20,0.08000000000000006
