tenantID,SLA_penalty
1,0.16
2,0.18
5,0.084
6,0.13200000000000003
7,0.05399999999999999
8,0.12000000000000004
13,0.048000000000000036
14,0.05600000000000004
15,0.05300000000000004
16,0.04400000000000003
17,0.057000000000000044
18,0.05200000000000004
19,0.057000000000000044
20,0.05200000000000004
