tenantID,SLA_penalty
1,2.0200000000000014
2,2.0400000000000014
5,0.6360000000000005
6,0.6240000000000004
7,0.6060000000000004
8,0.6180000000000004
13,0.09600000000000007
14,0.09400000000000007
15,0.09400000000000007
16,0.09400000000000007
17,0.09100000000000007
18,0.09500000000000007
19,0.09400000000000007
20,0.09700000000000007
