tenantID,SLA_penalty
1,0.0
2,0.0
5,0.0
6,0.0
7,0.0
8,0.0
13,0.025000000000000015
14,0.02900000000000002
15,0.028000000000000018
16,0.027000000000000017
17,0.028000000000000018
18,0.03800000000000003
19,0.023000000000000013
20,0.023000000000000013
