tenantID,SLA_penalty
1,0.0
2,0.0
5,0.0
6,0.0
7,0.0
8,0.0
13,0.028000000000000018
14,0.03100000000000002
15,0.03100000000000002
16,0.03100000000000002
17,0.024000000000000014
18,0.025000000000000015
19,0.02900000000000002
20,0.03300000000000002
