tenantID,SLA_penalty
1,0.0
2,0.0
5,0.006
6,0.0
7,0.0
8,0.0
13,0.004
14,0.006
15,0.005
16,0.008
17,0.012000000000000004
18,0.009000000000000001
19,0.010000000000000002
20,0.006
