tenantID,SLA_penalty
1,0.0
2,0.0
5,0.0
6,0.0
7,0.0
8,0.0
13,0.01800000000000001
14,0.02100000000000001
15,0.022000000000000013
16,0.01800000000000001
17,0.03000000000000002
18,0.02900000000000002
19,0.027000000000000017
20,0.024000000000000014
