tenantID,SLA_penalty
1,0.0
2,0.0
5,0.0
6,0.0
7,0.0
8,0.0
13,0.004
14,0.008
15,0.002
16,0.009000000000000001
17,0.010000000000000002
18,0.008
19,0.007
20,0.007
