tenantID,SLA_penalty
1,0.0
2,0.0
5,0.03
6,0.018000000000000002
7,0.0
8,0.024
13,0.05000000000000004
14,0.04900000000000004
15,0.048000000000000036
16,0.04500000000000003
17,0.05100000000000004
18,0.04500000000000003
19,0.05100000000000004
20,0.05100000000000004
