tenantID,SLA_penalty
1,12.649999999999775
2,12.229999999999784
3,12.469999999999779
4,68.79999999999824
5,69.54999999999819
6,68.84999999999823
7,291.19999999999203
8,289.9999999999921
9,290.3999999999921
