tenantID,SLA_penalty
1,0.0
2,0.02
5,0.0
6,0.0
7,0.0
8,0.0
13,0.013000000000000005
14,0.012000000000000004
15,0.010000000000000002
16,0.014000000000000005
17,0.013000000000000005
18,0.009000000000000001
19,0.014000000000000005
20,0.013000000000000005
