tenantID,SLA_penalty
1,0.0
2,0.0
5,0.0
6,0.006
7,0.0
8,0.0
13,0.04100000000000003
14,0.04100000000000003
15,0.04500000000000003
16,0.035000000000000024
17,0.04500000000000003
18,0.04400000000000003
19,0.04100000000000003
20,0.04000000000000003
