tenantID,SLA_penalty
1,0.06
2,0.04
5,0.10800000000000003
6,0.12000000000000004
7,0.072
8,0.13200000000000003
13,0.08300000000000006
14,0.08100000000000006
15,0.08200000000000006
16,0.07000000000000005
17,0.08400000000000006
18,0.07700000000000005
19,0.07800000000000006
20,0.07800000000000006
