tenantID,SLA_penalty
1,0.0
2,0.0
5,0.0
6,0.0
7,0.0
8,0.0
13,0.016000000000000007
14,0.022000000000000013
15,0.01900000000000001
16,0.02000000000000001
17,0.035000000000000024
18,0.016000000000000007
19,0.01900000000000001
20,0.016000000000000007
