tenantID,SLA_penalty
1,2.1400000000000015
2,2.1600000000000015
5,0.6240000000000004
6,0.6120000000000004
7,0.6300000000000004
8,0.6240000000000004
13,0.10300000000000008
14,0.10000000000000007
15,0.09800000000000007
16,0.10100000000000008
17,0.10200000000000008
18,0.09700000000000007
19,0.09800000000000007
20,0.10200000000000008
