tenantID,SLA_penalty
1,0.0
2,0.0
5,0.018000000000000002
6,0.041999999999999996
7,0.024
8,0.03
13,0.046000000000000034
14,0.05200000000000004
15,0.047000000000000035
16,0.04200000000000003
17,0.047000000000000035
18,0.04900000000000004
19,0.04200000000000003
20,0.04400000000000003
