tenantID,SLA_penalty
1,2.1600000000000015
2,2.1800000000000015
5,0.6480000000000005
6,0.6480000000000005
7,0.6480000000000005
8,0.6480000000000005
13,0.10800000000000008
14,0.10800000000000008
15,0.10800000000000008
16,0.10800000000000008
17,0.10800000000000008
18,0.10800000000000008
19,0.10700000000000008
20,0.10800000000000008
