tenantID,SLA_penalty
1,0.04
2,0.04
5,0.11400000000000003
6,0.10200000000000002
7,0.078
8,0.18000000000000008
13,0.08200000000000006
14,0.08000000000000006
15,0.07700000000000005
16,0.07600000000000005
17,0.08400000000000006
18,0.08300000000000006
19,0.07900000000000006
20,0.07900000000000006
