tenantID,SLA_penalty
1,1.3600000000000008
2,1.620000000000001
5,0.5520000000000004
6,0.5640000000000004
7,0.5160000000000003
8,0.5820000000000004
13,0.10200000000000008
14,0.10100000000000008
15,0.09800000000000007
16,0.09800000000000007
17,0.10200000000000008
18,0.09800000000000007
19,0.10000000000000007
20,0.10300000000000008
