tenantID,SLA_penalty
1,0.0
2,0.0
5,0.0
6,0.006
7,0.006
8,0.006
13,0.04200000000000003
14,0.05200000000000004
15,0.04200000000000003
16,0.03100000000000002
17,0.05100000000000004
18,0.046000000000000034
19,0.03900000000000003
20,0.046000000000000034
